iso_3,agriculture_type,representative_administrative_boundary_id,representative_administrative_boundary_name,representative_administrative_boundary_total_star_per_ha,representative_administrative_boundary_agriculture_star_per_ha,max_administrative_boundary_id,max_administrative_boundary_name,max_administrative_boundary_total_star_per_ha,max_administrative_boundary_agriculture_star_per_ha,min_administrative_boundary_id,min_administrative_boundary_name,min_administrative_boundary_total_star_per_ha,min_administrative_boundary_agriculture_star_per_ha
AFG,Crops,AFG.12_1,Hirat,1.22673E-05,1.75613E-06,AFG.24_1,Nuristan,0.000284237,6.08682E-06,AFG.19_1,Kunduz,2.7959E-06,7.34795E-07
AGO,Crops,AGO.10_1,Huíla,9.35912E-05,6.75814E-05,AGO.6_1,Cuanza Norte,0.002869275,0.001230055,AGO.3_1,Bié,2.24628E-05,1.57128E-06
ALB,Crops,ALB.6_1,Gjirokastër,3.89095E-06,2.0437E-07,ALB.5_1,Fier,0.000186278,2.0581E-05,ALB.7_1,Korçë,2.94713E-06,2.46231E-07
ARE,Crops,ARE.1_1,Abu Dhabi,2.47096E-05,3.81488E-08,ARE.4_1,Fujairah,0.000338123,9.67808E-06,ARE.1_1,Abu Dhabi,2.47096E-05,3.81488E-08
ARG,Crops,ARG.1_1,Buenos Aires,3.17981E-05,9.0683E-06,ARG.14_1,Misiones,0.004970939,0.001525059,ARG.18_1,San Juan,1.19984E-05,1.09752E-06
ARM,Crops,ARM.5_1,Gegharkunik,3.22105E-06,2.38756E-07,ARM.2_1,Ararat,0.000365662,0.000142325,ARM.6_1,Kotayk,7.01377E-07,5.86797E-08
AUS,Crops,AUS.5_1,New South Wales,0.000188421,9.43662E-06,AUS.6_1,Northern Territory,0.001415338,2.81086E-05,AUS.8_1,South Australia,3.91316E-05,1.47865E-06
AUT,Crops,AUT.3_1,Niederösterreich,5.04332E-06,2.56437E-07,AUT.7_1,Tirol,0.003188154,2.32368E-05,AUT.3_1,Niederösterreich,5.04332E-06,2.56437E-07
AZE,Crops,AZE.2_1,Aran,1.31816E-06,1.85053E-07,AZE.7_1,Nakhchivan,0.000171295,5.9046E-05,AZE.2_1,Aran,1.31816E-06,1.85053E-07
BDI,Crops,BDI.4_1,Bururi,0.000613242,0.000158489,BDI.3_1,Bujumbura Rural,0.001178466,0.000281289,BDI.15_1,Ngozi,1.57036E-06,5.0852E-07
BEL,Crops,BEL.2_1,Vlaanderen,5.86158E-07,6.47445E-08,BEL.3_1,Wallonie,2.68875E-06,2.25753E-07,BEL.2_1,Vlaanderen,5.86158E-07,6.47445E-08
BEN,Crops,BEN.1_1,Alibori,6.58125E-06,7.23452E-07,BEN.6_1,Donga,5.3706E-05,1.02159E-05,BEN.7_1,Kouffo,2.10896E-06,6.50566E-07
BFA,Crops,BFA.1_1,Boucle du Mouhoun,3.58722E-07,3.89985E-08,BFA.12_1,Sahel,2.89354E-05,2.40246E-06,BFA.7_1,Centre,2.84778E-07,2.58478E-08
BGD,Crops,BGD.3_1,Dhaka,5.59128E-06,1.40197E-06,BGD.2_1,Chittagong,4.69191E-05,1.07633E-05,BGD.3_1,Dhaka,5.59128E-06,1.40197E-06
BGR,Crops,BGR.3_1,Dobrich,1.44492E-05,1.15463E-05,BGR.20_1,Smolyan,8.22147E-05,3.05253E-06,BGR.28_1,Yambol,1.02361E-06,4.46302E-08
BHS,Crops,BHS.32_1,West Grand Bahama,0.084739033,4.30179E-05,BHS.32_1,West Grand Bahama,0.084739033,4.30179E-05,BHS.21_1,New Providence,0.000374103,8.43427E-06
BIH,Crops,BIH.3_1,Repuplika Srpska,1.40353E-05,5.09759E-07,BIH.2_1,Federacija Bosna i Hercegovina,0.000181241,2.03595E-05,BIH.1_1,Brcko,2.52691E-06,1.96429E-07
BLR,Crops,BLR.5_1,Minsk,3.40381E-06,1.76125E-07,BLR.3_1,Hrodna,2.1087E-05,1.4112E-07,BLR.6_1,Vitsyebsk,2.55752E-06,1.99481E-07
BLZ,Crops,BLZ.4_1,Orange Walk,0.000147258,4.24986E-05,BLZ.6_1,Toledo,0.004495089,0.001134935,BLZ.4_1,Orange Walk,0.000147258,4.24986E-05
BOL,Crops,BOL.8_1,Santa Cruz,0.000243046,4.71875E-05,BOL.5_1,Oruro,0.007226934,2.09593E-05,BOL.8_1,Santa Cruz,0.000243046,4.71875E-05
BRA,Crops,BRA.12_1,Mato Grosso,6.37817E-05,1.99347E-05,BRA.8_1,Espírito Santo,0.002794071,0.000666671,BRA.20_1,Rio Grande do Norte,2.41556E-05,4.22056E-06
BRB,Crops,BRB.10_1,Saint Philip,3.00658E-08,1.80671E-09,BRB.9_1,Saint Peter,0.001952069,0.000643953,BRB.3_1,Saint George,0,0
BRN,Crops,BRN.2_1,Brunei and Muara,0.000257929,8.88771E-05,BRN.1_1,Belait,0.003291399,0.001282621,BRN.2_1,Brunei and Muara,0.000257929,8.88771E-05
BTN,Crops,BTN.12_1,Samtse,0.001088327,0.00023766,BTN.16_1,Trongsa,0.006574358,0.001047465,BTN.8_1,Paro,0.000853791,0.000173357
BWA,Crops,BWA.1_1,Central,5.78718E-05,4.03127E-06,BWA.5_1,Ghanzi,0.000384577,3.11592E-05,BWA.15_1,Southern,1.96115E-05,1.00815E-06
CAF,Crops,CAF.17_1,Vakaga,2.27366E-05,1.66387E-06,CAF.1_1,Bamingui-Bangoran,0.000560965,5.10412E-05,CAF.2_1,Bangui,5.49689E-06,9.9802E-07
CAN,Crops,CAN.12_1,Saskatchewan,9.11723E-07,1.22231E-07,CAN.2_1,British Columbia,8.62711E-05,2.00095E-06,CAN.10_1,Prince Edward Island,2.9077E-07,5.39922E-11
CHE,Crops,CHE.24_1,Vaud,5.85261E-06,1.05485E-07,CHE.21_1,Ticino,0.00045625,0.000116375,CHE.8_1,Genève,1.60773E-06,4.71966E-08
CHL,Crops,CHL.11_1,Magallanes y Antártica Chilena,0.00027803,3.13275E-05,CHL.7_1,Coquimbo,0.00300764,0.00011897,CHL.11_1,Magallanes y Antártica Chilena,0.00027803,3.13275E-05
CHN,Crops,CHN.11_1,Heilongjiang,2.95226E-05,6.39088E-06,CHN.9_1,Hainan,0.001702889,0.000415453,CHN.23_1,Shandong,4.79632E-06,6.34693E-07
CIV,Crops,CIV.2_1,Bas-Sassandra,0.000108802,3.73058E-05,CIV.1_1,Abidjan,0.00313154,0.002948882,CIV.5_1,Gôh-Djiboua,1.09705E-05,3.59599E-06
CMR,Crops,CMR.4_1,Extrême-Nord,3.26087E-06,2.82386E-07,CMR.6_1,Nord-Ouest,0.072091007,0.021843167,CMR.4_1,Extrême-Nord,3.26087E-06,2.82386E-07
COD,Crops,COD.25_1,Tshopo,9.91525E-05,3.21446E-05,COD.22_1,Sud-Kivu,0.002783269,0.000876701,COD.8_1,Kasaï-Oriental,2.57353E-06,3.37112E-07
COG,Crops,COG.11_1,Pool,0.000174733,8.05965E-05,COG.9_1,Plateaux,0.000323069,0.000144477,COG.1_1,Bouenza,7.93229E-06,1.22768E-06
COL,Crops,COL.13_1,Córdoba,0.000304729,0.000153605,COL.25_1,Risaralda,0.04002275,0.014673994,COL.3_1,Arauca,7.48087E-05,1.6425E-05
COM,Crops,COM.2_1,Njazídja,0.046446306,0.010974091,COM.1_1,Mwali,0.144179578,0.038903961,COM.2_1,Njazídja,0.046446306,0.010974091
CPV,Crops,CPV.14_1,Santa Cruz,0.001526317,9.06771E-08,CPV.21_1,Tarrafal,0.00534713,2.55181E-07,CPV.14_1,Santa Cruz,0.001526317,9.06771E-08
CRI,Crops,CRI.3_1,Guanacaste,0.001676186,0.000198435,CRI.2_1,Cartago,0.033476685,0.007036664,CRI.3_1,Guanacaste,0.001676186,0.000198435
CUB,Crops,CUB.1_1,Camagüey,0.000760313,0.000252653,CUB.8_1,Isla de la Juventud,0.016738123,0.00676681,CUB.10_1,Las Tunas,0.00026758,6.5499E-05
CYP,Crops,CYP.5_1,Paphos,5.55927E-06,5.10504E-08,CYP.4_1,Nicosia,1.8776E-05,3.45691E-07,CYP.1_1,Famagusta,2.54214E-06,8.7376E-08
CZE,Crops,CZE.12_1,Stredoceský,1.62584E-06,1.30197E-07,CZE.3_1,Karlovarský,1.14129E-05,1.32536E-06,CZE.11_1,Prague,7.23802E-07,4.40969E-08
DEU,Crops,DEU.2_1,Bayern,3.7821E-06,1.70294E-07,DEU.3_1,Berlin,1.1136E-05,6.25025E-07,DEU.15_1,Schleswig-Holstein,8.70374E-07,1.12557E-07
DNK,Crops,DNK.2_1,Midtjylland,2.3375E-07,1.67417E-08,DNK.1_1,Hovedstaden,5.8699E-07,3.0009E-08,DNK.4_1,Sjælland,2.20977E-07,1.3984E-08
DOM,Crops,DOM.26_1,San Juan,0.00274222,0.001071208,DOM.3_1,Barahona,0.023000836,0.008450439,DOM.27_1,San Pedro de Macorís,0.000313944,9.61824E-05
DZA,Crops,DZA.43_1,Tiaret,2.25515E-05,3.9424E-06,DZA.23_1,Jijel,0.002706854,5.46799E-05,DZA.21_1,Guelma,5.35786E-07,4.63624E-08
ECU,Crops,ECU.14_1,Manabi,0.001536003,0.000441627,ECU.15_1,Morona Santiago,0.138078355,0.029896017,ECU.17_1,Orellana,0.000284824,7.61276E-05
EGY,Crops,EGY.3_1,Al Buhayrah,1.44031E-06,9.63143E-08,EGY.26_1,Shamal Sina',0.000573691,0.000183597,EGY.9_1,Al Minufiyah,7.18042E-09,1.74119E-09
ERI,Crops,ERI.4_1,Gash Barka,4.94809E-05,1.2435E-06,ERI.3_1,Debubawi Keyih Bahri,0.000970657,2.26759E-06,ERI.5_1,Maekel,1.29712E-05,2.15997E-06
ESH,Crops,ESH.4_1,Oued el Dahab,9.33429E-06,1.2582E-06,ESH.4_1,Oued el Dahab,9.33429E-06,1.2582E-06,ESH.4_1,Oued el Dahab,9.33429E-06,1.2582E-06
ESP,Crops,ESP.5_1,Castilla y León,5.38722E-05,2.89866E-06,ESP.14_1,Islas Canarias,0.010478853,1.59466E-06,ESP.2_1,Aragón,2.43467E-05,3.36281E-06
EST,Crops,EST.6_1,Lääne-Viru,2.85156E-06,2.14348E-07,EST.8_1,Pärnu,1.81214E-05,6.38027E-07,EST.6_1,Lääne-Viru,2.85156E-06,2.14348E-07
ETH,Crops,ETH.8_1,Oromia,0.000529246,0.000105491,ETH.8_1,Oromia,0.000529246,0.000105491,ETH.7_1,Harari People,3.30015E-06,7.16442E-07
FIN,Crops,FIN.5_1,Western Finland,4.05409E-06,2.04228E-07,FIN.2_1,Lapland,3.86592E-05,1.5379E-06,FIN.4_1,Southern Finland,3.01838E-06,3.81533E-07
FJI,Crops,FJI.5_1,Western,0.001921573,0.000150743,FJI.1_1,Central,0.014844143,0.001689182,FJI.4_1,Rotuma,0.00011954,6.96132E-06
FRA,Crops,FRA.10_1,Nouvelle-Aquitaine,1.06804E-05,1.18398E-06,FRA.5_1,Corse,0.002122165,6.17905E-05,FRA.8_1,Île-de-France,1.79599E-06,1.06677E-07
GAB,Crops,GAB.5_1,Nyanga,0.000166364,4.81248E-05,GAB.7_1,Ogooué-Lolo,0.000583114,9.42584E-05,GAB.3_1,Moyen-Ogooué,0.000129279,3.35103E-05
GBR,Crops,GBR.1_1,England,3.79313E-07,3.40202E-08,GBR.4_1,Wales,6.56305E-06,4.66221E-07,GBR.1_1,England,3.79313E-07,3.40202E-08
GEO,Crops,GEO.5_1,Kakheti,1.40847E-05,6.97206E-07,GEO.8_1,Racha-Lechkhumi-Kvemo Svaneti,0.0028115,0.001261977,GEO.6_1,Kvemo Kartli,5.8209E-06,4.58119E-07
GHA,Crops,GHA.6_1,Northern,1.91241E-05,4.07647E-06,GHA.10_1,Western,0.000598012,0.00017163,GHA.5_1,Greater Accra,2.49958E-06,5.34755E-07
GIN,Crops,GIN.8_1,Nzérékoré,0.001275274,0.000356942,GIN.6_1,Labé,0.001297827,0.00045354,GIN.4_1,Kankan,0.000119119,2.88399E-05
GLP,Crops,GLP.2_1,Pointe-à-Pitre,0.002639577,1.93062E-05,GLP.1_1,Basse-Terre,0.04369654,0.003351148,GLP.2_1,Pointe-à-Pitre,0.002639577,1.93062E-05
GMB,Crops,GMB.3_1,Maccarthy Island,8.54528E-06,3.06169E-06,GMB.2_1,Lower River,4.78959E-05,2.13285E-05,GMB.5_1,Upper River,4.21295E-06,1.08299E-06
GNB,Crops,GNB.5_1,Cacheu,4.80601E-05,1.81276E-05,GNB.1_1,Bafatá,0.000476055,0.000226569,GNB.4_1,Bolama,1.52005E-05,2.05385E-06
GNQ,Crops,GNQ.5_1,Kié-Ntem,0.000183324,5.18818E-05,GNQ.2_1,Bioko Norte,0.024610384,0.007364946,GNQ.5_1,Kié-Ntem,0.000183324,5.18818E-05
GRC,Crops,GRC.6_1,Macedonia and Thrace,5.5421E-05,2.4345E-05,GRC.1_1,Aegean,0.001052754,0.000175292,GRC.8_1,Thessaly and Central Greece,2.62095E-05,2.67042E-07
GTM,Crops,GTM.12_1,Petén,8.08118E-05,1.83638E-05,GTM.8_1,Huehuetenango,0.048212319,0.014327997,GTM.15_1,Retalhuleu,2.56801E-05,8.31712E-06
GUF,Crops,GUF.1_1,Cayenne,0.007728175,0.001963033,GUF.1_1,Cayenne,0.007728175,0.001963033,GUF.2_1,Saint-Laurent-du-Maroni,0.000447477,0.000100914
GUY,Crops,GUY.4_1,East Berbice-Corentyne,0.000107799,2.74251E-05,GUY.2_1,Cuyuni-Mazaruni,0.003480694,0.000575491,GUY.5_1,Essequibo Islands-West Demerara,3.74618E-05,1.14705E-05
HKG,Crops,HKG.18_1,Yuen Long,0.019130213,0.000403194,HKG.3_1,Islands,0.04511452,0.000122497,HKG.14_1,Tuen Mun,0.011817518,0.000297425
HND,Crops,HND.15_1,Olancho,0.001566378,0.00028851,HND.14_1,Ocotepeque,0.015165438,0.003341826,HND.2_1,Choluteca,0.000133406,7.4144E-05
HRV,Crops,HRV.11_1,Osjecko-Baranjska,1.32866E-05,1.37904E-06,HRV.3_1,Dubrovacko-Neretvanska,0.001455238,0.00017779,HRV.8_1,Krapinsko-Zagorska,3.54681E-06,1.17777E-07
HTI,Crops,HTI.8_1,Ouest,0.005983031,0.002871228,HTI.2_1,Grand'Anse,0.178552185,0.090791159,HTI.6_1,Nord-Ouest,0.000882088,0.000213179
HUN,Crops,HUN.1_1,Bács-Kiskun,2.49381E-05,6.47704E-06,HUN.4_1,Borsod-Abaúj-Zemplén,0.0004576,2.55997E-06,HUN.3_1,Békés,3.28309E-06,9.04006E-07
IDN,Crops,IDN.12_1,Kalimantan Barat,0.000212134,5.99288E-05,IDN.29_1,Sulawesi Utara,0.015457056,0.005573079,IDN.3_1,Bangka Belitung,3.56845E-05,1.06462E-05
IMN,Crops,IMN.1_1,Ayre,3.163E-06,6.26581E-08,IMN.1_1,Ayre,3.163E-06,6.26581E-08,IMN.1_1,Ayre,3.163E-06,6.26581E-08
IND,Crops,IND.29_1,Rajasthan,1.65354E-05,2.18773E-06,IND.1_1,Andaman and Nicobar,0.065143478,0.015781578,IND.6_1,Chandigarh,0,0
IRL,Crops,IRL.4_1,Cork,2.01653E-06,1.24705E-07,IRL.16_1,Mayo,4.50354E-05,3.07727E-06,IRL.17_1,Meath,1.45888E-07,1.7284E-08
IRN,Crops,IRN.5_1,East Azarbaijan,9.79778E-06,7.8608E-07,IRN.20_1,Mazandaran,0.000246637,6.01586E-05,IRN.10_1,Hamadan,3.23382E-06,2.16828E-07
IRQ,Crops,IRQ.7_1,As-Sulaymaniyah,3.0978E-06,7.51023E-07,IRQ.2_1,Al-Basrah,0.000793426,0.000261656,IRQ.9_1,Babil,1.61362E-06,5.21083E-07
ISR,Crops,ISR.2_1,HaDarom,0.000467882,8.09368E-05,ISR.6_1,Jerusalem,0.003812969,0.000541304,ISR.1_1,Golan,8.79197E-05,1.2152E-07
ITA,Crops,ITA.15_1,Sicily,1.09594E-05,1.78151E-06,ITA.9_1,Liguria,0.001438535,0.000184587,ITA.2_1,Apulia,9.39313E-06,1.86898E-06
JAM,Crops,JAM.1_1,Clarendon,0.013144012,0.003351442,JAM.10_1,Saint James,0.099328727,0.03768037,JAM.14_1,Westmoreland,0.007960368,0.002214666
JOR,Crops,JOR.5_1,Irbid,1.25878E-05,3.01056E-06,JOR.8_1,Ma`an,0.000697298,2.7804E-06,JOR.1_1,Ajlun,4.66945E-07,9.10917E-08
JPN,Crops,JPN.12_1,Hokkaido,3.22138E-05,3.02088E-06,JPN.32_1,Okinawa,0.024314553,0.000556617,JPN.34_1,Saga,2.94364E-05,4.89268E-06
KAZ,Crops,KAZ.10_1,Qostanay,2.37538E-06,3.47227E-07,KAZ.6_1,Mangghystau,0.000121542,1.18179E-05,KAZ.7_1,North Kazakhstan,9.48113E-07,1.27424E-07
KEN,Crops,KEN.18_1,Kitui,3.25649E-05,3.73692E-06,KEN.39_1,Taita Taveta,0.002639729,0.001030583,KEN.27_1,Migori,9.01889E-07,1.48732E-07
KGZ,Crops,KGZ.4_1,Jalal-Abad,9.32801E-06,1.39968E-06,KGZ.8_1,Talas,8.89422E-05,4.01838E-05,KGZ.2_1,Biškek,1.48054E-06,2.88477E-07
KHM,Crops,KHM.2_1,Batdâmbâng,7.55161E-05,1.84262E-05,KHM.14_1,Môndól Kiri,0.003918727,0.001154349,KHM.23_1,Svay Rieng,4.39788E-06,6.42853E-07
KOR,Crops,KOR.9_1,Gyeongsangbuk-do,1.50138E-05,3.46123E-06,KOR.14_1,Jeollanam-do,0.000700548,9.45346E-05,KOR.17_1,Ulsan,9.68575E-06,2.03875E-06
KWT,Crops,KWT.3_1,Al Jahrah,2.06616E-05,2.09579E-06,KWT.3_1,Al Jahrah,2.06616E-05,2.09579E-06,KWT.1_1,Al Ahmadi,9.37081E-06,1.12693E-06
LAO,Crops,LAO.12_1,Savannakhét,0.000142315,3.42166E-05,LAO.17_1,Xékong,0.005663161,0.001756427,LAO.13_1,Vientiane [prefecture],4.62453E-05,6.54269E-06
LBN,Crops,LBN.2_1,Baalbak - Hermel,7.1562E-05,1.55066E-05,LBN.5_1,Mount Lebanon,0.001721711,7.36775E-05,LBN.2_1,Baalbak - Hermel,7.1562E-05,1.55066E-05
LBR,Crops,LBR.12_1,Nimba,0.000422604,0.000115725,LBR.6_1,GrandGedeh,0.001790525,0.000455269,LBR.11_1,Montserrado,7.39765E-06,1.86202E-06
LBY,Crops,LBY.12_1,Benghazi,7.74971E-06,8.20811E-07,LBY.17_1,Nalut,4.9764E-05,4.19454E-06,LBY.20_1,Tripoli,1.10141E-06,1.67952E-07
LKA,Crops,LKA.2_1,Anuradhapura,0.00020691,5.3732E-05,LKA.11_1,Kandy,0.114208982,0.034538767,LKA.9_1,Jaffna,2.28217E-06,1.8058E-07
LSO,Crops,LSO.4_1,Mafeteng,0.000145306,1.10403E-05,LSO.7_1,Mokhotlong,0.001795542,8.3095E-05,LSO.4_1,Mafeteng,0.000145306,1.10403E-05
LTU,Crops,LTU.6_1,Šiauliai,1.45444E-06,1.50702E-07,LTU.1_1,Alytaus,4.44647E-06,4.50555E-07,LTU.4_1,Marijampoles,7.9362E-07,6.82457E-08
LUX,Crops,LUX.1_1,Diekirch,4.3228E-06,2.85747E-07,LUX.1_1,Diekirch,4.3228E-06,2.85747E-07,LUX.2_1,Grevenmacher,2.21061E-06,1.30623E-07
LVA,Crops,LVA.2_1,Latgale,3.85055E-06,2.8007E-07,LVA.4_1,Vidzeme,6.82716E-06,5.02488E-07,LVA.5_1,Zemgale,3.22764E-06,1.73153E-07
MAR,Crops,MAR.8_1,Marrakech - Tensift - Al Haouz,7.41203E-05,1.20488E-05,MAR.12_1,Souss - Massa - Draâ,0.000521872,0.00012634,MAR.1_1,Chaouia - Ouardigha,3.96293E-05,1.07345E-05
MDA,Crops,MDA.36_1,Transnistria,1.4908E-06,3.82805E-07,MDA.17_1,Falesti,9.75663E-05,4.71631E-05,MDA.14_1,Drochia,5.13531E-09,3.04554E-10
MDG,Crops,MDG.5_1,Toamasina,0.003536731,0.001285489,MDG.2_1,Antsiranana,0.009418522,0.003063077,MDG.5_1,Toamasina,0.003536731,0.001285489
MEX,Crops,MEX.30_1,Veracruz,0.00184216,0.00057282,MEX.9_1,Distrito Federal,0.022446655,0.002257729,MEX.32_1,Zacatecas,3.5145E-05,4.20897E-06
MKD,Crops,MKD.57_1,Prilep,3.16214E-06,2.03735E-07,MKD.70_1,Studenicani,9.3945E-05,2.92238E-05,MKD.39_1,Krivogaštani,1.7283E-08,1.08773E-09
MLI,Crops,MLI.5_1,Koulikoro,1.22575E-06,1.04988E-07,MLI.4_1,Kidal,0.00050537,5.77008E-06,MLI.1_1,Bamako,3.33552E-07,2.83526E-08
MLT,Crops,MLT.4_1,Tramuntana,2.17861E-07,8.45701E-08,MLT.2_1,Ghawdex,3.20933E-07,1.24581E-07,MLT.3_1,Nofsinhar,1.51032E-07,5.8907E-08
MMR,Crops,MMR.13_1,Shan,0.000178712,5.43326E-05,MMR.3_1,Chin,0.002206589,0.00094762,MMR.10_1,Naypyitaw,3.59829E-06,1.15868E-06
MNE,Crops,MNE.16_1,Podgorica,0.002018286,0.000223149,MNE.6_1,Cetinje,0.005217433,0.000576622,MNE.8_1,Herceg Novi,5.86381E-06,4.57098E-07
MNG,Crops,MNG.14_1,Hövsgöl,2.42834E-05,1.77346E-06,MNG.3_1,Bayanhongor,0.000368426,4.96527E-05,MNG.16_1,Orhon,1.7584E-05,1.28617E-06
MNP,Crops,MNP.3_1,Saipan,0.064806272,0.004565637,MNP.3_1,Saipan,0.064806272,0.004565637,MNP.1_1,Northern Islands,0.012693931,0
MOZ,Crops,MOZ.3_1,Inhambane,1.95408E-05,2.39505E-06,MOZ.4_1,Manica,0.000425664,6.40698E-05,MOZ.5_1,Maputo City,1.6413E-05,8.00249E-07
MRT,Crops,MRT.8_1,Hodh el Gharbi,1.64997E-05,1.7551E-06,MRT.3_1,Brakna,0.000367007,7.6922E-05,MRT.4_1,Dakhlet Nouadhibou,4.15495E-06,7.43291E-07
MTQ,Crops,MTQ.2_1,Le Marin,0.010638989,0.001977574,MTQ.3_1,Le Trinité,0.020307944,0.003953549,MTQ.1_1,Fort-de-France,0.005123549,0.00095572
MUS,Crops,MUS.3_1,Flacq,0.007027857,5.9838E-05,MUS.7_1,Plaines Wilhems,0.06424238,0.000412863,MUS.10_1,Rodriguez,2.99823E-07,2.39825E-09
MWI,Crops,MWI.17_1,Mzimba,2.7639E-05,9.04533E-06,MWI.15_1,Mulanje,0.005107778,0.000808024,MWI.7_1,Dowa,2.56278E-06,7.78323E-07
MYS,Crops,MYS.14_1,Sarawak,0.001146233,0.000350386,MYS.15_1,Selangor,0.001994363,0.000497167,MYS.10_1,Perlis,1.77195E-05,6.00434E-06
NAM,Crops,NAM.11_1,Oshikoto,3.08057E-05,2.60018E-06,NAM.3_1,Hardap,0.000727795,6.21464E-05,NAM.7_1,Ohangwena,7.49431E-06,4.66343E-07
NCL,Crops,NCL.2_1,Nord,0.0092581,0.000696036,NCL.2_1,Nord,0.0092581,0.000696036,NCL.3_1,Sud,0.006083492,0.000613378
NER,Crops,NER.4_1,Maradi,5.58603E-06,4.54815E-07,NER.1_1,Agadez,0.000127617,1.04387E-05,NER.3_1,Dosso,2.96236E-06,2.58773E-07
NGA,Crops,NGA.8_1,Borno,2.0147E-06,1.5712E-07,NGA.6_1,Bayelsa,0.005268104,0.002041596,NGA.16_1,Gombe,1.12288E-07,1.34546E-08
NIC,Crops,NIC.2_1,Atlántico Sur,0.000162974,2.71119E-05,NIC.8_1,Granada,0.003090316,0.001540122,NIC.6_1,Chontales,2.53453E-05,2.49615E-06
NLD,Crops,NLD.8_1,Noord-Brabant,1.70862E-06,1.91227E-07,NLD.3_1,Friesland,9.95378E-06,1.81898E-06,NLD.7_1,Limburg,8.2505E-07,1.05507E-07
NOR,Crops,NOR.6_1,Hedmark,1.92273E-05,5.48281E-06,NOR.5_1,Finnmark,0.000147948,6.88304E-06,NOR.1_1,Akershus,1.47936E-06,1.50521E-07
NPL,Crops,NPL.2_1,East,0.000315687,5.73875E-05,NPL.4_1,Mid-Western,0.000748462,0.00013789,NPL.5_1,West,0.000175357,2.6594E-05
NZL,Crops,NZL.3_1,Canterbury,0.001946583,8.48257E-06,NZL.14_1,Southland,0.050114533,8.01115E-05,NZL.6_1,Hawke's Bay,0.000811272,2.03089E-06
OMN,Crops,OMN.9_1,Dhofar,5.00589E-05,1.03841E-05,OMN.4_1,Al Buraymi,0.002152266,1.82417E-05,OMN.6_1,Al Wusta,2.15358E-05,2.60675E-07
PAK,Crops,PAK.7_1,Punjab,7.41911E-06,1.74543E-06,PAK.6_1,Northern Areas,0.000943311,0.000138885,PAK.4_1,F.C.T.,4.8003E-07,3.86356E-08
PAN,Crops,PAN.13_1,Veraguas,0.000774706,0.0001
PER,Crops,PER.6_1,Cajamarca,0.00454599,0.001347944,PER.1_1,Amazonas,0.014726121,0.004407064,PER.11_1,Ica,0.000435479,6.87489E-05
PHL,Crops,PHL.51_1,Negros Occidental,0.002508662,0.001045644,PHL.77_1,Tawi-Tawi,0.04004913,0.009313617,PHL.47_1,Metropolitan Manila,1.51593E-05,3.81339E-06
PLW,Crops,PLW.13_1,Ngeremlengui,0.05165038,0.003525699,PLW.13_1,Ngeremlengui,0.05165038,0.003525699,PLW.13_1,Ngeremlengui,0.05165038,0.003525699
PNG,Crops,PNG.22_1,Western,0.00033062,6.21495E-05,PNG.12_1,Manus,0.099818015,0.031390805,PNG.15_1,National Capital District,6.64004E-06,2.74169E-06
POL,Crops,POL.7_1,Mazowieckie,1.19104E-06,8.77352E-08,POL.10_1,Podlaskie,4.71227E-05,3.51025E-07,POL.2_1,Kujawsko-Pomorskie,1.08306E-06,1.09199E-07
PRI,Crops,PRI.7_1,Arecibo,0.00457122,0.000251183,PRI.21_1,Cidra,0.052343946,0.001338252,PRI.3_1,Aguadilla,0.001347048,0.000118185
PRK,Crops,PRK.5_1,Hwanghae-namdo,5.1773E-05,1.37291E-05,PRK.6_1,Kaesong,0.000869959,0.000398972,PRK.14_1,Sinuiju,0,0
PRT,Crops,PRT.3_1,Beja,2.09392E-05,2.70918E-06,PRT.2_1,Azores,0.00339743,0,PRT.12_1,Lisboa,7.7006E-06,9.54555E-07
PRY,Crops,PRY.5_1,Boquerón,7.3766E-05,1.66942E-05,PRY.15_1,Ñeembucú,0.000258639,6.14578E-05,PRY.9_1,Central,3.51818E-05,9.36636E-06
PSE,Crops,PSE.2_1,West Bank,0.000334953,1.88404E-05,PSE.2_1,West Bank,0.000334953,1.88404E-05,PSE.1_1,Gaza,6.31632E-05,1.28596E-05
PYF,Crops,PYF.2_1,Îles du Vent,0.01869854,0,PYF.3_1,Îles Marquises,0.031128814,0.000447157,PYF.5_1,Îles Tuamotu-Gambier,0.000640982,7.82799E-05
QAT,Crops,QAT.5_1,Ar Rayyan,1.68918E-05,1.07169E-07,QAT.3_1,Al Khor,2.14184E-05,4.88354E-08,QAT.7_1,Umm Salal,7.22434E-06,0
REU,Crops,REU.4_1,Saint-Pierre,0.010506432,0.000346372,REU.2_1,Saint-Denis,0.017972468,0.000586097,REU.4_1,Saint-Pierre,0.010506432,0.000346372
ROU,Crops,ROU.38_1,Timi<U+0219>,4.91222E-06,1.05262E-06,ROU.14_1,Cluj,0.000361332,1.74159E-05,ROU.41_1,Vaslui,1.08292E-06,2.19912E-07
RUS,Crops,RUS.2_1,Altay,1.46249E-06,1.7869E-07,RUS.80_1,Yamal-Nenets,0.000816933,5.67047E-05,RUS.52_1,Orel,4.2482E-07,2.90913E-08
RWA,Crops,RWA.3_1,Iburasirazuba,4.09492E-05,1.15536E-05,RWA.4_1,Iburengerazuba,0.002838107,0.001335519,RWA.3_1,Iburasirazuba,4.09492E-05,1.15536E-05
SAU,Crops,SAU.7_1,Ar Riyad,5.74051E-06,4.10276E-08,SAU.1_1,`Asir,0.001823384,7.13934E-05,SAU.6_1,Al Quassim,3.68135E-06,3.02917E-08
SDN,Crops,SDN.17_1,West Kurdufan,4.98877E-06,4.07722E-07,SDN.11_1,Red Sea,0.000153018,1.03155E-05,SDN.1_1,Al Jazirah,3.29747E-06,3.74002E-07
SEN,Crops,SEN.8_1,Louga,1.72104E-05,2.96369E-06,SEN.6_1,Kédougou,0.000287653,6.22569E-05,SEN.2_1,Diourbel,3.38072E-07,5.89652E-08
SGP,Crops,SGP.5_1,West,9.46022E-05,1.39782E-05,SGP.3_1,North,0.000170917,2.93488E-05,SGP.2_1,East,5.66887E-05,8.88609E-06
SLB,Crops,SLB.3_1,Guadalcanal,0.016549083,0.003067482,SLB.6_1,Makira Ulawa,0.152679674,0.010689752,SLB.3_1,Guadalcanal,0.016549083,0.003067482
SLE,Crops,SLE.2_1,Northern,0.000150467,4.22789E-05,SLE.4_1,Western,0.009965812,0.003300502,SLE.3_1,Southern,2.64344E-05,7.33566E-06
SLV,Crops,SLV.14_1,Usulután,0.000107976,5.59885E-05,SLV.10_1,San Salvador,0.001412281,0.000616886,SLV.6_1,La Paz,4.0607E-05,2.15387E-05
SOM,Crops,SOM.15_1,Shabeellaha Hoose,7.65583E-06,9.35176E-07,SOM.17_1,Togdheer,0.002209408,0.000564013,SOM.15_1,Shabeellaha Hoose,7.65583E-06,9.35176E-07
SRB,Crops,SRB.6_1,Južno-Banatski,5.19661E-06,6.8356E-07,SRB.16_1,Raški,1.69486E-05,5.76518E-07,SRB.17_1,Severno-Backi,5.4853E-07,1.00623E-07
SSD,Crops,SSD.7_1,Upper Nile,4.064E-05,2.59712E-06,SSD.6_1,Unity,0.000513612,2.13727E-05,SSD.5_1,North Bahr-al-Ghazal,2.6162E-05,3.48544E-06
STP,Crops,STP.2_1,São Tomé,0.318168977,0.095189665,STP.2_1,São Tomé,0.318168977,0.095189665,STP.1_1,Príncipe,0.122598274,0.021020155
SUR,Crops,SUR.5_1,Nickerie,0.000202678,4.53633E-05,SUR.3_1,Coronie,0.000265678,4.19503E-05,SUR.10_1,Wanica,5.25624E-05,1.17623E-05
SVK,Crops,SVK.4_1,Nitriansky,3.63237E-06,3.8364E-07,SVK.8_1,Žilinský,6.23901E-05,1.14904E-05,SVK.4_1,Nitriansky,3.63237E-06,3.8364E-07
SVN,Crops,SVN.8_1,Podravska,3.90603E-06,1.58101E-07,SVN.5_1,Notranjsko-kraška,0.001257392,0.000153297,SVN.9_1,Pomurska,3.47322E-06,3.16654E-07
SWE,Crops,SWE.21_1,Västra Götaland,2.80446E-06,3.35059E-07,SWE.10_1,Norrbotten,6.74886E-05,1.58161E-05,SWE.4_1,Gotland,2.24465E-06,2.92659E-08
SWZ,Crops,SWZ.2_1,Lubombo,0.000294695,9.18576E-05,SWZ.2_1,Lubombo,0.000294695,9.18576E-05,SWZ.3_1,Manzini,8.58027E-05,9.65284E-06
SYR,Crops,SYR.2_1,Aleppo,4.79749E-06,1.8184E-06,SYR.4_1,As Suwayda',7.82396E-05,3.7784E-05,SYR.11_1,Lattakia,1.63786E-06,2.11159E-07
TCD,Crops,TCD.4_1,Chari-Baguirmi,1.63087E-06,1.45522E-07,TCD.9_1,Kanem,0.000194784,1.90548E-05,TCD.11_1,Logone Occidental,1.464E-06,1.55507E-07
TGO,Crops,TGO.4_1,Plateaux,0.000177642,5.23074E-05,TGO.4_1,Plateaux,0.000177642,5.23074E-05,TGO.3_1,Maritime,1.41454E-06,3.70626E-07
THA,Crops,THA.29_1,Nakhon Ratchasima,0.000128531,4.11156E-05,THA.33_1,Narathiwat,0.002335962,0.00111093,THA.63_1,Sing Buri,0,0
TJK,Crops,TJK.3_1,Khatlon,4.22637E-06,5.19058E-07,TJK.2_1,Gorno-Badakhshan,6.70757E-05,4.70422E-06,TJK.1_1,Dushanbe,1.66325E-07,3.30515E-08
TKM,Crops,TKM.1_1,Ahal,6.50509E-06,1.08197E-06,TKM.3_1,Balkan,1.1509E-05,1.67873E-06,TKM.6_1,Tashauz,1.27168E-06,3.09251E-07
TLS,Crops,TLS.13_1,Viqueque,0.000486532,8.83545E-05,TLS.10_1,Liquiçá,0.001967219,0.000353091,TLS.4_1,Baucau,0.000160357,3.15213E-05
TON,Crops,TON.4_1,Tongatapu,6.50662E-05,0,TON.5_1,Vava'u,0.009729128,0,TON.4_1,Tongatapu,6.50662E-05,0
TTO,Crops,TTO.3_1,Couva-Tabaquite-Talparo,0.001749833,0.000167803,TTO.15_1,Tunapuna/Piarco,0.011009402,0.000671256,TTO.6_1,Penal-Debe,2.16681E-06,7.46935E-07
TUN,Crops,TUN.8_1,Kairouan,4.89236E-06,1.3031E-06,TUN.6_1,Gafsa,0.000106337,2.90702E-05,TUN.13_1,Manubah,2.43384E-07,2.01577E-08
TUR,Crops,TUR.53_1,Konya,1.44286E-05,3.36042E-06,TUR.59_1,Mugla,0.00208026,0.000107894,TUR.48_1,Kilis,2.62999E-07,4.86671E-08
TWN,Crops,TWN.7_1,Taiwan,0.002358146,0.000419048,TWN.3_1,New Taipei,0.004158512,0.001050472,TWN.1_1,Fujian,4.33577E-06,4.48148E-07
TZA,Crops,TZA.26_1,Tabora,1.33546E-05,2.44748E-06,TZA.18_1,Pemba North,0.032152068,0.013022076,TZA.23_1,Shinyanga,2.08591E-06,2.52717E-07
UGA,Crops,UGA.39_1,Mbarara,1.23077E-05,3.35175E-06,UGA.26_1,Kisoro,0.004449539,0.00185331,UGA.3_1,Arua,1.55357E-06,1.06391E-07
UKR,Crops,UKR.17_1,Odessa,1.73477E-05,8.06127E-06,UKR.9_1,Kherson,0.000136898,1.92026E-06,UKR.26_1,Zaporizhzhya,5.55148E-08,7.33513E-09
URY,Crops,URY.14_1,Rocha,0.000746715,8.16025E-05,URY.9_1,Maldonado,0.004285674,0.000285783,URY.12_1,Río Negro,0.000164937,4.2034E-05
USA,Crops,USA.44_1,Texas,0.000144816,1.18221E-05,USA.12_1,Hawaii,0.012583723,0.000213545,USA.24_1,Minnesota,3.97218E-06,7.41338E-08
UZB,Crops,UZB.5_1,Karakalpakstan,2.21236E-06,5.10622E-07,UZB.9_1,Navoi,6.38816E-05,5.53634E-05,UZB.11_1,Sirdaryo,2.07863E-08,4.70486E-09
VEN,Crops,VEN.25_1,Zulia,0.000576807,0.000175073,VEN.23_1,Vargas,0.049939593,0.011437476,VEN.13_1,Guárico,2.75982E-05,8.78391E-06
VIR,Crops,VIR.1_1,Saint Croix,0.000236583,2.44987E-05,VIR.1_1,Saint Croix,0.000236583,2.44987E-05,VIR.1_1,Saint Croix,0.000236583,2.44987E-05
VNM,Crops,VNM.21_1,Gia Lai,0.000250772,8.04481E-05,VNM.37_1,Lâm Ð<U+1ED3>ng,0.004576028,0.001664049,VNM.31_1,Hung Yên,3.38389E-08,7.1692E-09
VUT,Crops,VUT.3_1,Sanma,0.01725512,0.00165479,VUT.3_1,Sanma,0.01725512,0.00165479,VUT.4_1,Shefa,0.001935662,0.000138776
WLF,Crops,WLF.3_1,Uvéa,8.55236E-05,0,WLF.3_1,Uvéa,8.55236E-05,0,WLF.3_1,Uvéa,8.55236E-05,0
YEM,Crops,YEM.5_1,Al Hudaydah,1.31667E-05,1.80205E-06,YEM.12_1,Hadramawt,0.001185976,5.67874E-05,YEM.6_1,Al Jawf,1.29446E-05,2.14477E-07
ZAF,Crops,ZAF.2_1,Free State,0.000128407,1.72157E-05,ZAF.9_1,Western Cape,0.001388445,0.000113008,ZAF.7_1,North West,3.56245E-05,4.3306E-06
ZMB,Crops,ZMB.9_1,Southern,8.99062E-05,1.12285E-05,ZMB.7_1,North-Western,0.000438395,0.000101764,ZMB.3_1,Eastern,1.8033E-05,2.91938E-06
ZWE,Crops,ZWE.10_1,Midlands,8.22274E-06,5.31422E-07,ZWE.3_1,Manicaland,0.000397487,2.87645E-05,ZWE.10_1,Midlands,8.22274E-06,5.31422E-07
AFG,Livestock,AFG.12_1,Hirat,2.30799E-07,2.30799E-07,AFG.24_1,Nuristan,4.31157E-06,4.31157E-06,AFG.17_1,Khost,8.68558E-08,8.68558E-08
AGO,Livestock,AGO.5_1,Cuando Cubango,9.59618E-07,9.59618E-07,AGO.5_1,Cuando Cubango,9.59618E-07,9.59618E-07,AGO.4_1,Cabinda,4.98035E-08,4.98035E-08
ALB,Livestock,ALB.4_1,Elbasan,3.56489E-07,3.56489E-07,ALB.11_1,Tiranë,1.27031E-06,1.27031E-06,ALB.3_1,Durrës,1.48865E-07,1.48865E-07
AND,Livestock,AND.7_1,Sant Julià de Lòria,2.47937E-07,2.47937E-07,AND.7_1,Sant Julià de Lòria,2.47937E-07,2.47937E-07,AND.2_1,Canillo,7.66862E-08,7.66862E-08
ARE,Livestock,ARE.3_1,Dubai,4.69488E-07,4.69488E-07,ARE.4_1,Fujairah,6.19006E-06,6.19006E-06,ARE.2_1,Ajman,1.96658E-08,1.96658E-08
ARG,Livestock,ARG.4_1,Chubut,1.15141E-06,1.15141E-06,ARG.15_1,Neuquén,5.91207E-05,5.91207E-05,ARG.18_1,San Juan,4.28577E-07,4.28577E-07
ARM,Livestock,ARM.9_1,Syunik,7.58645E-07,7.58645E-07,ARM.2_1,Ararat,4.76561E-05,4.76561E-05,ARM.6_1,Kotayk,8.03705E-09,8.03705E-09
AUS,Livestock,AUS.7_1,Queensland,4.99935E-06,4.99935E-06,AUS.2_1,Australian Capital Territory,2.39282E-05,2.39282E-05,AUS.11_1,Western Australia,5.55752E-07,5.55752E-07
AUT,Livestock,AUT.4_1,Oberösterreich,5.44805E-08,5.44805E-08,AUT.6_1,Steiermark,8.42355E-08,8.42355E-08,AUT.7_1,Tirol,2.78331E-08,2.78331E-08
AZE,Livestock,AZE.2_1,Aran,1.5824E-07,1.5824E-07,AZE.6_1,Lankaran,1.04071E-05,1.04071E-05,AZE.2_1,Aran,1.5824E-07,1.5824E-07
BDI,Livestock,BDI.16_1,Rutana,4.93914E-07,4.93914E-07,BDI.3_1,Bujumbura Rural,0.000963525,0.000963525,BDI.12_1,Muramvya,0,0
BEL,Livestock,BEL.3_1,Wallonie,8.06008E-08,8.06008E-08,BEL.3_1,Wallonie,8.06008E-08,8.06008E-08,BEL.2_1,Vlaanderen,5.09557E-08,5.09557E-08
BEN,Livestock,BEN.4_1,Borgou,6.70982E-07,6.70982E-07,BEN.3_1,Atlantique,1.93652E-06,1.93652E-06,BEN.10_1,Ouémé,2.84021E-07,2.84021E-07
BFA,Livestock,BFA.12_1,Sahel,1.54506E-06,1.54506E-06,BFA.8_1,Est,1.94825E-06,1.94825E-06,BFA.7_1,Centre,2.9552E-07,2.9552E-07
BGD,Livestock,BGD.2_1,Chittagong,8.41201E-07,8.41201E-07,BGD.6_1,Rangpur,3.13151E-05,3.13151E-05,BGD.2_1,Chittagong,8.41201E-07,8.41201E-07
BGR,Livestock,BGR.21_1,Sofia,4.40704E-07,4.40704E-07,BGR.2_1,Burgas,7.22378E-07,7.22378E-07,BGR.3_1,Dobrich,5.44996E-08,5.44996E-08
BIH,Livestock,BIH.3_1,Repuplika Srpska,3.292E-07,3.292E-07,BIH.1_1,Brcko,7.24965E-07,7.24965E-07,BIH.3_1,Repuplika Srpska,3.292E-07,3.292E-07
BLR,Livestock,BLR.1_1,Brest,9.28172E-08,9.28172E-08,BLR.1_1,Brest,9.28172E-08,9.28172E-08,BLR.6_1,Vitsyebsk,4.96534E-08,4.96534E-08
BLZ,Livestock,BLZ.4_1,Orange Walk,9.53412E-06,9.53412E-06,BLZ.4_1,Orange Walk,9.53412E-06,9.53412E-06,BLZ.4_1,Orange Walk,9.53412E-06,9.53412E-06
BOL,Livestock,BOL.3_1,El Beni,1.45036E-05,1.45036E-05,BOL.2_1,Cochabamba,4.6434E-05,4.6434E-05,BOL.5_1,Oruro,1.71246E-06,1.71246E-06
BRA,Livestock,BRA.12_1,Mato Grosso,7.58099E-06,7.58099E-06,BRA.7_1,Distrito Federal,0.000126646,0.000126646,BRA.20_1,Rio Grande do Norte,9.5614E-07,9.5614E-07
BTN,Livestock,BTN.12_1,Samtse,3.35504E-06,3.35504E-06,BTN.13_1,Sarpang,6.14287E-05,6.14287E-05,BTN.14_1,Thimphu,0,0
BWA,Livestock,BWA.7_1,Kgalagadi,1.37962E-06,1.37962E-06,BWA.5_1,Ghanzi,3.59236E-06,3.59236E-06,BWA.4_1,Gaborone,7.24851E-07,7.24851E-07
CAF,Livestock,CAF.14_1,Ouham-Pendé,3.99965E-07,3.99965E-07,CAF.13_1,Ouaka,6.82584E-07,6.82584E-07,CAF.11_1,Nana-Mambéré,2.15614E-07,2.15614E-07
CAN,Livestock,CAN.1_1,Alberta,5.69304E-07,5.69304E-07,CAN.1_1,Alberta,5.69304E-07,5.69304E-07,CAN.5_1,Newfoundland and Labrador,0,0
CHE,Livestock,CHE.6_1,Bern,3.23464E-08,3.23464E-08,CHE.13_1,Neuchâtel,2.44849E-07,2.44849E-07,CHE.22_1,Uri,3.82695E-09,3.82695E-09
CHL,Livestock,CHL.1_1,Aisén del General Carlos Ibáñez del Campo,5.6343E-06,5.6343E-06,CHL.10_1,Los Ríos,3.6381E-05,3.6381E-05,CHL.15_1,Tarapacá,1.94455E-06,1.94455E-06
CHN,Livestock,CHN.28_1,Xinjiang Uygur,1.08107E-06,1.08107E-06,CHN.26_1,Sichuan,1.91326E-05,1.91326E-05,CHN.24_1,Shanghai,5.74307E-09,5.74307E-09
CIV,Livestock,CIV.10_1,Savanes,1.86154E-06,1.86154E-06,CIV.14_1,Zanzan,4.57076E-06,4.57076E-06,CIV.4_1,Denguélé,5.08175E-07,5.08175E-07
CMR,Livestock,CMR.6_1,Nord-Ouest,0.001816354,0.001816354,CMR.6_1,Nord-Ouest,0.001816354,0.001816354,CMR.2_1,Centre,2.43328E-07,2.43328E-07
COD,Livestock,COD.13_1,Kwilu,5.14537E-08,5.14537E-08,COD.22_1,Sud-Kivu,0.000174207,0.000174207,COD.6_1,Ituri,0,0
COG,Livestock,COG.11_1,Pool,7.36008E-08,7.36008E-08,COG.8_1,Niari,1.5571E-05,1.5571E-05,COG.1_1,Bouenza,4.58659E-08,4.58659E-08
COL,Livestock,COL.20_1,Meta,3.40798E-05,3.40798E-05,COL.25_1,Risaralda,0.001578477,0.001578477,COL.32_1,Vichada,1.25068E-06,1.25068E-06
COM,Livestock,COM.1_1,Mwali,2.01824E-05,2.01824E-05,COM.1_1,Mwali,2.01824E-05,2.01824E-05,COM.1_1,Mwali,2.01824E-05,2.01824E-05
CPV,Livestock,CPV.1_1,Boa Vista,0,0,CPV.6_1,Porto Novo,1.61514E-07,1.61514E-07,CPV.1_1,Boa Vista,0,0
CRI,Livestock,CRI.1_1,Alajuela,0.000226581,0.000226581,CRI.3_1,Guanacaste,0.001707743,0.001707743,CRI.7_1,San José,0.000144132,0.000144132
CUB,Livestock,CUB.1_1,Camagüey,2.87341E-05,2.87341E-05,CUB.6_1,Guantánamo,0.000160593,0.000160593,CUB.9_1,La Habana,1.31304E-05,1.31304E-05
CZE,Livestock,CZE.1_1,Jihoceský,5.44966E-08,5.44966E-08,CZE.2_1,Jihomoravský,5.5643E-07,5.5643E-07,CZE.4_1,Kraj Vysocina,4.47366E-08,4.47366E-08
DEU,Livestock,DEU.2_1,Bayern,1.71506E-05,1.71506E-05,DEU.2_1,Bayern,1.71506E-05,1.71506E-05,DEU.15_1,Schleswig-Holstein,1.75436E-08,1.75436E-08
DJI,Livestock,DJI.2_1,Dikhil,1.64136E-06,1.64136E-06,DJI.1_1,Ali Sabieh,1.77266E-06,1.77266E-06,DJI.3_1,Djibouti,4.73169E-07,4.73169E-07
DNK,Livestock,DNK.3_1,Nordjylland,1.6096E-08,1.6096E-08,DNK.1_1,Hovedstaden,3.59499E-08,3.59499E-08,DNK.5_1,Syddanmark,1.19268E-08,1.19268E-08
DOM,Livestock,DOM.11_1,La Altagracia,0.000889828,0.000889828,DOM.11_1,La Altagracia,0.000889828,0.000889828,DOM.12_1,La Estrelleta,1.74593E-07,1.74593E-07
DZA,Livestock,DZA.20_1,Ghardaïa,1.12703E-06,1.12703E-06,DZA.23_1,Jijel,0.000393455,0.000393455,DZA.18_1,El Oued,1.20846E-07,1.20846E-07
ECU,Livestock,ECU.14_1,Manabi,0.000118873,0.000118873,ECU.24_1,Zamora Chinchipe,0.002818909,0.002818909,ECU.16_1,Napo,0,0
ERI,Livestock,ERI.4_1,Gash Barka,1.02735E-05,1.02735E-05,ERI.4_1,Gash Barka,1.02735E-05,1.02735E-05,ERI.5_1,Maekel,1.95644E-06,1.95644E-06
ESH,Livestock,ESH.4_1,Oued el Dahab,2.56869E-07,2.56869E-07,ESH.3_1,Laayoune,4.00968E-07,4.00968E-07,ESH.4_1,Oued el Dahab,2.56869E-07,2.56869E-07
ESP,Livestock,ESP.5_1,Castilla y León,1.62487E-06,1.62487E-06,ESP.14_1,Islas Canarias,1.06803E-05,1.06803E-05,ESP.13_1,Islas Baleares,6.29001E-08,6.29001E-08
EST,Livestock,EST.5_1,Jõgeva,3.7294E-08,3.7294E-08,EST.3_1,Ida-Viru,1.16925E-07,1.16925E-07,EST.16_1,Võru,0,0
ETH,Livestock,ETH.8_1,Oromia,2.75416E-05,2.75416E-05,ETH.8_1,Oromia,2.75416E-05,2.75416E-05,ETH.5_1,Dire Dawa,1.41696E-06,1.41696E-06
FIN,Livestock,FIN.5_1,Western Finland,1.69245E-08,1.69245E-08,FIN.3_1,Oulu,1.73386E-08,1.73386E-08,FIN.1_1,Eastern Finland,1.03529E-08,1.03529E-08
FJI,Livestock,FJI.3_1,Northern,1.19625E-06,1.19625E-06,FJI.5_1,Western,3.52617E-05,3.52617E-05,FJI.3_1,Northern,1.19625E-06,1.19625E-06
FRA,Livestock,FRA.5_1,Corse,0,0,FRA.5_1,Corse,0,0,FRA.5_1,Corse,0,0
GAB,Livestock,GAB.2_1,Haut-Ogooué,4.983E-07,4.983E-07,GAB.5_1,Nyanga,2.35836E-06,2.35836E-06,GAB.2_1,Haut-Ogooué,4.983E-07,4.983E-07
GBR,Livestock,GBR.1_1,England,1.70427E-08,1.70427E-08,GBR.3_1,Scotland,4.59198E-08,4.59198E-08,GBR.2_1,Northern Ireland,6.33698E-09,6.33698E-09
GEO,Livestock,GEO.4_1,Imereti,5.1323E-06,5.1323E-06,GEO.7_1,Mtskheta-Mtianeti,1.83016E-05,1.83016E-05,GEO.12_1,Tbilisi,0,0
GHA,Livestock,GHA.6_1,Northern,2.55824E-06,2.55824E-06,GHA.2_1,Brong Ahafo,4.6827E-06,4.6827E-06,GHA.5_1,Greater Accra,2.60275E-07,2.60275E-07
GIN,Livestock,GIN.4_1,Kankan,1.33344E-06,1.33344E-06,GIN.8_1,Nzérékoré,3.73306E-06,3.73306E-06,GIN.2_1,Conakry,5.46774E-08,5.46774E-08
GLP,Livestock,GLP.2_1,Pointe-à-Pitre,1.40639E-05,1.40639E-05,GLP.1_1,Basse-Terre,2.02399E-05,2.02399E-05,GLP.2_1,Pointe-à-Pitre,1.40639E-05,1.40639E-05
GMB,Livestock,GMB.5_1,Upper River,5.99282E-07,5.99282E-07,GMB.5_1,Upper River,5.99282E-07,5.99282E-07,GMB.6_1,Western,1.60771E-07,1.60771E-07
GNB,Livestock,GNB.6_1,Gabú,4.41603E-07,4.41603E-07,GNB.6_1,Gabú,4.41603E-07,4.41603E-07,GNB.7_1,Oio,3.36182E-07,3.36182E-07
GNQ,Livestock,GNQ.3_1,Bioko Sur,0.000514583,0.000514583,GNQ.3_1,Bioko Sur,0.000514583,0.000514583,GNQ.4_1,Centro Sur,7.62436E-07,7.62436E-07
GRC,Livestock,GRC.7_1,"Peloponnese, Western Greece and the Ionian Islands",3.15638E-06,3.15638E-06,GRC.6_1,Macedonia and Thrace,1.02938E-05,1.02938E-05,GRC.4_1,Crete,9.19139E-08,9.19139E-08
GRL,Livestock,GRL.2_1,Northeast Greenland National Park,0,0,GRL.3_1,Qaasuitsup,5.30996E-09,5.30996E-09,GRL.2_1,Northeast Greenland National Park,0,0
GTM,Livestock,GTM.9_1,Izabal,0.000204137,0.000204137,GTM.17_1,San Marcos,0.00145703,0.00145703,GTM.15_1,Retalhuleu,5.33857E-06,5.33857E-06
GUF,Livestock,GUF.1_1,Cayenne,4.42074E-06,4.42074E-06,GUF.1_1,Cayenne,4.42074E-06,4.42074E-06,GUF.1_1,Cayenne,4.42074E-06,4.42074E-06
GUM,Livestock,GUM.18_1,Yigo,7.21676E-09,7.21676E-09,GUM.18_1,Yigo,7.21676E-09,7.21676E-09,GUM.6_1,Dededo,0,0
GUY,Livestock,GUY.10_1,Upper Takutu-Upper Essequibo,1.99308E-05,1.99308E-05,GUY.2_1,Cuyuni-Mazaruni,4.26846E-05,4.26846E-05,GUY.5_1,Essequibo Islands-West Demerara,2.85129E-06,2.85129E-06
HND,Livestock,HND.2_1,Choluteca,8.51445E-06,8.51445E-06,HND.14_1,Ocotepeque,0.000246201,0.000246201,HND.3_1,Colón,5.56222E-06,5.56222E-06
HRV,Livestock,HRV.15_1,Sisacko-Moslavacka,4.57496E-07,4.57496E-07,HRV.7_1,Koprivnicko-Križevacka,1.65851E-06,1.65851E-06,HRV.16_1,Splitsko-Dalmatinska,1.08372E-07,1.08372E-07
HTI,Livestock,HTI.8_1,Ouest,8.04072E-05,8.04072E-05,HTI.2_1,Grand'Anse,0.000104596,0.000104596,HTI.1_1,Centre,1.62757E-06,1.62757E-06
HUN,Livestock,HUN.4_1,Borsod-Abaúj-Zemplén,9.83545E-07,9.83545E-07,HUN.17_1,Tolna,1.66967E-06,1.66967E-06,HUN.6_1,Csongrád,7.67784E-08,7.67784E-08
IDN,Livestock,IDN.1_1,Aceh,2.70567E-06,2.70567E-06,IDN.21_1,Nusa Tenggara Timur,8.0451E-05,8.0451E-05,IDN.14_1,Kalimantan Tengah,0,0
IMN,Livestock,IMN.5_1,Middle,6.50209E-10,6.50209E-10,IMN.4_1,Michael,1.2059E-08,1.2059E-08,IMN.6_1,Rushen,5.68217E-10,5.68217E-10
IND,Livestock,IND.19_1,Madhya Pradesh,3.32794E-06,3.32794E-06,IND.3_1,Arunachal Pradesh,5.17816E-05,5.17816E-05,IND.21_1,Manipur,2.43393E-08,2.43393E-08
IRL,Livestock,IRL.4_1,Cork,3.00521E-09,3.00521E-09,IRL.26_1,Wicklow,1.48947E-08,1.48947E-08,IRL.15_1,Louth,5.50948E-10,5.50948E-10
IRN,Livestock,IRN.7_1,Fars,1.04533E-06,1.04533E-06,IRN.29_1,West Azarbaijan,2.72306E-05,2.72306E-05,IRN.14_1,Kermanshah,3.68569E-07,3.68569E-07
IRQ,Livestock,IRQ.16_1,Ninawa,3.85872E-07,3.85872E-07,IRQ.3_1,Al-Muthannia,1.14318E-06,1.14318E-06,IRQ.5_1,An-Najaf,9.71272E-08,9.71272E-08
ISL,Livestock,ISL.5_1,Suðurland,2.07831E-08,2.07831E-08,ISL.8_1,Vesturland,2.83802E-08,2.83802E-08,ISL.2_1,Hálshreppur,1.85422E-08,1.85422E-08
ISR,Livestock,ISR.5_1,HaZafon,9.09827E-08,9.09827E-08,ISR.1_1,Golan,0.00012521,0.00012521,ISR.4_1,HaMerkaz,8.0472E-08,8.0472E-08
ITA,Livestock,ITA.14_1,Sardegna,5.73172E-07,5.73172E-07,ITA.9_1,Liguria,1.69861E-05,1.69861E-05,ITA.17_1,Trentino-Alto Adige,6.94768E-08,6.94768E-08
JAM,Livestock,JAM.7_1,Saint Ann,3.02806E-06,3.02806E-06,JAM.2_1,Hanover,1.10702E-05,1.10702E-05,JAM.1_1,Clarendon,3.77252E-08,3.77252E-08
JOR,Livestock,JOR.2_1,Amman,2.82438E-08,2.82438E-08,JOR.8_1,Ma`an,4.57357E-05,4.57357E-05,JOR.2_1,Amman,2.82438E-08,2.82438E-08
KAZ,Livestock,KAZ.9_1,Qaraghandy,9.44296E-07,9.44296E-07,KAZ.4_1,Atyrau,1.80963E-06,1.80963E-06,KAZ.7_1,North Kazakhstan,7.86215E-08,7.86215E-08
KEN,Livestock,KEN.46_1,Wajir,3.28161E-06,3.28161E-06,KEN.35_1,Nyandarua,0.000161004,0.000161004,KEN.3_1,Bungoma,1.62771E-08,1.62771E-08
KGZ,Livestock,KGZ.5_1,Naryn,5.84517E-07,5.84517E-07,KGZ.5_1,Naryn,5.84517E-07,5.84517E-07,KGZ.3_1,Chüy,2.86035E-07,2.86035E-07
KHM,Livestock,KHM.11_1,Krâchéh,3.05019E-06,3.05019E-06,KHM.17_1,Pouthisat,0.000186009,0.000186009,KHM.19_1,Prey Vêng,1.568E-08,1.568E-08
KOR,Livestock,KOR.3_1,Chungcheongnam-do,5.88409E-08,5.88409E-08,KOR.13_1,Jeollabuk-do,7.653E-08,7.653E-08,KOR.14_1,Jeollanam-do,4.10308E-08,4.10308E-08
KWT,Livestock,KWT.1_1,Al Ahmadi,2.74207E-07,2.74207E-07,KWT.3_1,Al Jahrah,3.83113E-07,3.83113E-07,KWT.1_1,Al Ahmadi,2.74207E-07,2.74207E-07
LAO,Livestock,LAO.18_1,Xiangkhoang,7.659E-07,7.659E-07,LAO.4_1,Champasak,3.0675E-06,3.0675E-06,LAO.9_1,Oudômxai,0,0
LBN,Livestock,LBN.5_1,Mount Lebanon,0.000182975,0.000182975,LBN.4_1,Bekaa,0.000267614,0.000267614,LBN.8_1,South,6.86936E-08,6.86936E-08
LBR,Livestock,LBR.3_1,Gbapolu,1.64744E-06,1.64744E-06,LBR.6_1,GrandGedeh,2.47628E-06,2.47628E-06,LBR.1_1,Bomi,1.96925E-08,1.96925E-08
LBY,Livestock,LBY.19_1,Surt,2.61873E-07,2.61873E-07,LBY.12_1,Benghazi,1.06795E-06,1.06795E-06,LBY.15_1,Misratah,1.60237E-07,1.60237E-07
LKA,Livestock,LKA.3_1,Badulla,1.04844E-05,1.04844E-05,LKA.20_1,Nuwara Eliya,7.17965E-05,7.17965E-05,LKA.9_1,Jaffna,0,0
LSO,Livestock,LSO.10_1,Thaba-Tseka,2.95265E-05,2.95265E-05,LSO.3_1,Leribe,5.03156E-05,5.03156E-05,LSO.6_1,Mohale's Hoek,1.65598E-05,1.65598E-05
LTU,Livestock,LTU.10_1,Vilniaus,1.09536E-07,1.09536E-07,LTU.1_1,Alytaus,1.20523E-07,1.20523E-07,LTU.7_1,Taurages,4.49653E-08,4.49653E-08
LUX,Livestock,LUX.1_1,Diekirch,3.8545E-08,3.8545E-08,LUX.1_1,Diekirch,3.8545E-08,3.8545E-08,LUX.3_1,Luxembourg,2.32236E-08,2.32236E-08
LVA,Livestock,LVA.2_1,Latgale,5.16972E-08,5.16972E-08,LVA.1_1,Kurzeme,1.14693E-07,1.14693E-07,LVA.2_1,Latgale,5.16972E-08,5.16972E-08
MAR,Livestock,MAR.6_1,Guelmim - Es-Semara,5.94178E-07,5.94178E-07,MAR.14_1,Tanger - Tétouan,7.93944E-05,7.93944E-05,MAR.7_1,Laâyoune - Boujdour - Sakia El Hamra,3.68326E-07,3.68326E-07
MDA,Livestock,MDA.21_1,Hîncesti,5.67573E-08,5.67573E-08,MDA.17_1,Falesti,0.000332004,0.000332004,MDA.11_1,Cimislia,0,0
MDG,Livestock,MDG.6_1,Toliary,5.42418E-05,5.42418E-05,MDG.2_1,Antsiranana,0.000168188,0.000168188,MDG.4_1,Mahajanga,5.2539E-05,5.2539E-05
MEX,Livestock,MEX.6_1,Chihuahua,3.6936E-06,3.6936E-06,MEX.30_1,Veracruz,0.000210469,0.000210469,MEX.2_1,Baja California Sur,2.02571E-07,2.02571E-07
MKD,Livestock,MKD.57_1,Prilep,2.56137E-07,2.56137E-07,MKD.32_1,Kavadartsi,1.86653E-06,1.86653E-06,MKD.21_1,Dolneni,0,0
MLI,Livestock,MLI.4_1,Kidal,1.26108E-06,1.26108E-06,MLI.2_1,Gao,1.89965E-06,1.89965E-06,MLI.8_1,Sikasso,4.99161E-07,4.99161E-07
MMR,Livestock,MMR.11_1,Rakhine,2.40047E-07,2.40047E-07,MMR.1_1,Ayeyarwady,5.76928E-06,5.76928E-06,MMR.2_1,Bago,1.03824E-07,1.03824E-07
MNE,Livestock,MNE.4_1,Bijelo Polje,3.26618E-07,3.26618E-07,MNE.20_1,Ulcinj,6.79986E-07,6.79986E-07,MNE.11_1,Mojkovac,0,0
MNG,Livestock,MNG.15_1,Ömnögovi,4.36273E-07,4.36273E-07,MNG.9_1,Dzavhan,2.79422E-06,2.79422E-06,MNG.5_1,Darhan-Uul,1.68929E-07,1.68929E-07
MOZ,Livestock,MOZ.8_1,Nassa,4.03486E-07,4.03486E-07,MOZ.4_1,Manica,3.05673E-06,3.05673E-06,MOZ.5_1,Maputo City,1.66071E-07,1.66071E-07
MRT,Livestock,MRT.7_1,Hodh ech Chargui,7.98412E-07,7.98412E-07,MRT.13_1,Trarza,3.43571E-06,3.43571E-06,MRT.4_1,Dakhlet Nouadhibou,9.93536E-08,9.93536E-08
MTQ,Livestock,MTQ.3_1,Le Trinité,8.68981E-05,8.68981E-05,MTQ.3_1,Le Trinité,8.68981E-05,8.68981E-05,MTQ.2_1,Le Marin,0,0
MWI,Livestock,MWI.25_1,Rumphi,1.25923E-05,1.25923E-05,MWI.19_1,Nkhata Bay,3.58496E-05,3.58496E-05,MWI.1_1,Balaka,0,0
MYS,Livestock,MYS.16_1,Trengganu,5.32571E-07,5.32571E-07,MYS.14_1,Sarawak,1.87765E-06,1.87765E-06,MYS.8_1,Pahang,0,0
NAM,Livestock,NAM.1_1,!Karas,2.35714E-06,2.35714E-06,NAM.3_1,Hardap,3.40934E-06,3.40934E-06,NAM.7_1,Ohangwena,5.78384E-07,5.78384E-07
NCL,Livestock,NCL.2_1,Nord,3.70744E-05,3.70744E-05,NCL.3_1,Sud,4.6385E-05,4.6385E-05,NCL.1_1,Îles Loyauté,0,0
NER,Livestock,NER.6_1,Tahoua,9.86527E-07,9.86527E-07,NER.2_1,Diffa,1.79557E-06,1.79557E-06,NER.1_1,Agadez,4.59663E-07,4.59663E-07
NGA,Livestock,NGA.35_1,Taraba,3.09862E-05,3.09862E-05,NGA.35_1,Taraba,3.09862E-05,3.09862E-05,NGA.16_1,Gombe,1.51675E-07,1.51675E-07
NIC,Livestock,NIC.1_1,Atlántico Norte,1.21E-05,1.21E-05,NIC.7_1,Estelí,3.79488E-05,3.79488E-05,NIC.3_1,Boaco,1.98509E-06,1.98509E-06
NLD,Livestock,NLD.3_1,Friesland,8.42851E-09,8.42851E-09,NLD.12_1,Zeeland,4.74993E-08,4.74993E-08,NLD.14_1,Zuid-Holland,7.08218E-09,7.08218E-09
NOR,Livestock,NOR.13_1,Rogaland,3.07071E-07,3.07071E-07,NOR.7_1,Hordaland,8.06063E-07,8.06063E-07,NOR.9_1,Nord-Trøndelag,4.6684E-08,4.6684E-08
NPL,Livestock,NPL.2_1,East,7.89311E-06,7.89311E-06,NPL.4_1,Mid-Western,9.5192E-06,9.5192E-06,NPL.5_1,West,4.04055E-06,4.04055E-06
NZL,Livestock,NZL.3_1,Canterbury,5.02104E-07,5.02104E-07,NZL.11_1,Northland,1.37417E-06,1.37417E-06,NZL.1_1,Auckland,7.19928E-09,7.19928E-09
OMN,Livestock,OMN.1_1,Ad Dakhliyah,1.70253E-05,1.70253E-05,OMN.2_1,Al Batinah North,2.04496E-05,2.04496E-05,OMN.8_1,Ash Sharqiyah South,5.11859E-08,5.11859E-08
PAK,Livestock,PAK.8_1,Sind,2.29088E-05,2.29088E-05,PAK.8_1,Sind,2.29088E-05,2.29088E-05,PAK.4_1,F.C.T.,0,0
PAN,Livestock,PAN.12_1,Panamá,1.51936E-05,1.51936E-05,PAN.2_1,Chiriquí,0.000957878,0.000957878,PAN.12_1,Panamá,1.51936E-05,1.51936E-05
PER,Livestock,PER.22_1,Puno,2.46431E-05,2.46431E-05,PER.1_1,Amazonas,0.001246132,0.001246132,PER.19_1,Moquegua,3.9702E-06,3.9702E-06
PHL,Livestock,PHL.29_1,Davao Oriental,1.08963E-05,1.08963E-05,PHL.65_1,Romblon,0.002457745,0.002457745,PHL.31_1,Eastern Samar,0,0
PNG,Livestock,PNG.14_1,Morobe,0,0,PNG.2_1,Central,0,0,PNG.2_1,Central,0,0
POL,Livestock,POL.7_1,Mazowieckie,6.80893E-08,6.80893E-08,POL.5_1,Lubuskie,1.33408E-07,1.33408E-07,POL.3_1,Lódzkie,5.83823E-08,5.83823E-08
PRI,Livestock,PRI.7_1,Arecibo,9.9836E-06,9.9836E-06,PRI.67_1,San Sebastián,2.16441E-05,2.16441E-05,PRI.40_1,Juncos,0,0
PRK,Livestock,PRK.7_1,Kangwon-do,8.79272E-08,8.79272E-08,PRK.7_1,Kangwon-do,8.79272E-08,8.79272E-08,PRK.8_1,Kumgangsan,5.24383E-08,5.24383E-08
PRT,Livestock,PRT.16_1,Santarém,1.24436E-06,1.24436E-06,PRT.18_1,Viana do Castelo,3.39367E-06,3.39367E-06,PRT.14_1,Portalegre,5.21766E-07,5.21766E-07
PRY,Livestock,PRY.17_1,Presidente Hayes,2.69932E-06,2.69932E-06,PRY.5_1,Boquerón,6.24611E-06,6.24611E-06,PRY.17_1,Presidente Hayes,2.69932E-06,2.69932E-06
PSE,Livestock,PSE.2_1,West Bank,6.92554E-07,6.92554E-07,PSE.2_1,West Bank,6.92554E-07,6.92554E-07,PSE.2_1,West Bank,6.92554E-07,6.92554E-07
PYF,Livestock,PYF.3_1,Îles Marquises,0.000112828,0.000112828,PYF.3_1,Îles Marquises,0.000112828,0.000112828,PYF.2_1,Îles du Vent,0,0
QAT,Livestock,QAT.5_1,Ar Rayyan,2.97516E-07,2.97516E-07,QAT.7_1,Umm Salal,3.78028E-07,3.78028E-07,QAT.1_1,Ad Dawhah,1.01226E-07,1.01226E-07
REU,Livestock,REU.4_1,Saint-Pierre,0,0,REU.1_1,Saint-Benoît,1.16771E-08,1.16771E-08,REU.4_1,Saint-Pierre,0,0
ROU,Livestock,ROU.36_1,Suceava,2.62473E-06,2.62473E-06,ROU.6_1,Bistri<U+021B>a-Nasaud,2.87691E-05,2.87691E-05,ROU.41_1,Vaslui,4.09986E-08,4.09986E-08
RUS,Livestock,RUS.6_1,Bashkortostan,7.21849E-08,7.21849E-08,RUS.25_1,Karachay-Cherkess,1.56073E-05,1.56073E-05,RUS.4_1,Arkhangel'sk,0,0
RWA,Livestock,RWA.3_1,Iburasirazuba,8.48511E-06,8.48511E-06,RWA.1_1,Amajyaruguru,0.000513529,0.000513529,RWA.3_1,Iburasirazuba,8.48511E-06,8.48511E-06
SAU,Livestock,SAU.8_1,Ash Sharqiyah,2.99878E-07,2.99878E-07,SAU.2_1,Al Bahah,7.54394E-06,7.54394E-06,SAU.8_1,Ash Sharqiyah,2.99878E-07,2.99878E-07
SDN,Livestock,SDN.15_1,South Kurdufan,1.3919E-06,1.3919E-06,SDN.2_1,Al Qadarif,6.64005E-06,6.64005E-06,SDN.10_1,Northern,1.71103E-07,1.71103E-07
SEN,Livestock,SEN.12_1,Tambacounda,1.64757E-06,1.64757E-06,SEN.6_1,Kédougou,6.12462E-06,6.12462E-06,SEN.3_1,Fatick,7.50987E-08,7.50987E-08
SLB,Livestock,SLB.10_1,Western,0,0,SLB.10_1,Western,0,0,SLB.10_1,Western,0,0
SLE,Livestock,SLE.2_1,Northern,2.13741E-06,2.13741E-06,SLE.2_1,Northern,2.13741E-06,2.13741E-06,SLE.4_1,Western,5.93621E-08,5.93621E-08
SLV,Livestock,SLV.7_1,La Unión,8.64663E-06,8.64663E-06,SLV.3_1,Chalatenango,5.21882E-05,5.21882E-05,SLV.13_1,Sonsonate,2.96392E-06,2.96392E-06
SOM,Livestock,SOM.13_1,Sanaag,1.16073E-05,1.16073E-05,SOM.18_1,Woqooyi Galbeed,3.07375E-05,3.07375E-05,SOM.3_1,Banaadir,0,0
SRB,Livestock,SRB.25_1,Zlatiborski,3.0381E-07,3.0381E-07,SRB.3_1,Grad Beograd,1.27507E-06,1.27507E-06,SRB.18_1,Severno-Banatski,0,0
SSD,Livestock,SSD.10_1,West Equatoria,5.04009E-07,5.04009E-07,SSD.6_1,Unity,4.61333E-06,4.61333E-06,SSD.10_1,West Equatoria,5.04009E-07,5.04009E-07
SUR,Livestock,SUR.9_1,Sipaliwini,1.44937E-06,1.44937E-06,SUR.9_1,Sipaliwini,1.44937E-06,1.44937E-06,SUR.9_1,Sipaliwini,1.44937E-06,1.44937E-06
SVK,Livestock,SVK.8_1,Žilinský,7.49393E-08,7.49393E-08,SVK.7_1,Trnavský,1.27317E-06,1.27317E-06,SVK.8_1,Žilinský,7.49393E-08,7.49393E-08
SVN,Livestock,SVN.7_1,Osrednjeslovenska,1.51992E-07,1.51992E-07,SVN.2_1,Goriška,2.46831E-06,2.46831E-06,SVN.4_1,Koroška,7.64841E-08,7.64841E-08
SWE,Livestock,SWE.13_1,Skåne,8.05891E-08,8.05891E-08,SWE.12_1,Östergötland,1.17443E-07,1.17443E-07,SWE.4_1,Gotland,3.10039E-08,3.10039E-08
SWZ,Livestock,SWZ.2_1,Lubombo,4.79908E-05,4.79908E-05,SWZ.2_1,Lubombo,4.79908E-05,4.79908E-05,SWZ.3_1,Manzini,4.22028E-06,4.22028E-06
SYR,Livestock,SYR.7_1,Dayr Az Zawr,3.82932E-07,3.82932E-07,SYR.13_1,Rif Dimashq,8.13091E-07,8.13091E-07,SYR.11_1,Lattakia,2.89435E-10,2.89435E-10
TCD,Livestock,TCD.9_1,Kanem,2.47796E-06,2.47796E-06,TCD.9_1,Kanem,2.47796E-06,2.47796E-06,TCD.22_1,Ville de N'Djamena,2.78838E-07,2.78838E-07
TGO,Livestock,TGO.2_1,Kara,1.36516E-06,1.36516E-06,TGO.1_1,Centre,7.53888E-06,7.53888E-06,TGO.3_1,Maritime,4.60636E-07,4.60636E-07
THA,Livestock,THA.47_1,Phrae,8.91807E-07,8.91807E-07,THA.50_1,Prachuap Khiri Khan,2.85959E-05,2.85959E-05,THA.1_1,Amnat Charoen,0,0
TJK,Livestock,TJK.4_1,Leninabad,4.49429E-07,4.49429E-07,TJK.2_1,Gorno-Badakhshan,1.01315E-06,1.01315E-06,TJK.4_1,Leninabad,4.49429E-07,4.49429E-07
TKM,Livestock,TKM.3_1,Balkan,3.97279E-07,3.97279E-07,TKM.3_1,Balkan,3.97279E-07,3.97279E-07,TKM.6_1,Tashauz,3.04043E-07,3.04043E-07
TLS,Livestock,TLS.9_1,Lautém,0.000202326,0.000202326,TLS.10_1,Liquiçá,0.000402647,0.000402647,TLS.7_1,Dili,7.23147E-07,7.23147E-07
TUN,Livestock,TUN.21_1,Tataouine,6.49576E-07,6.49576E-07,TUN.9_1,Kassérine,3.81786E-06,3.81786E-06,TUN.11_1,Le Kef,1.14053E-07,1.14053E-07
TUR,Livestock,TUR.31_1,Erzurum,7.78373E-07,7.78373E-07,TUR.38_1,Igdir,5.87641E-05,5.87641E-05,TUR.51_1,Kirsehir,1.46365E-08,1.46365E-08
TWN,Livestock,TWN.7_1,Taiwan,6.01487E-09,6.01487E-09,TWN.3_1,New Taipei,2.37638E-07,2.37638E-07,TWN.4_1,Taichung,4.51803E-09,4.51803E-09
TZA,Livestock,TZA.13_1,Mbeya,4.44265E-06,4.44265E-06,TZA.5_1,Iringa,0.000137138,0.000137138,TZA.28_1,Zanzibar North,0,0
UGA,Livestock,UGA.27_1,Kitgum,6.34274E-07,6.34274E-07,UGA.12_1,Kabale,0.000547444,0.000547444,UGA.48_1,Ntungamo,3.22406E-08,3.22406E-08
UKR,Livestock,UKR.27_1,Zhytomyr,9.33632E-08,9.33632E-08,UKR.5_1,Dnipropetrovs'k,0.000164377,0.000164377,UKR.6_1,Donets'k,1.98556E-08,1.98556E-08
URY,Livestock,URY.15_1,Salto,1.51992E-05,1.51992E-05,URY.9_1,Maldonado,4.15513E-05,4.15513E-05,URY.13_1,Rivera,3.56881E-06,3.56881E-06
USA,Livestock,USA.44_1,Texas,1.32657E-06,1.32657E-06,USA.12_1,Hawaii,6.26038E-05,6.26038E-05,USA.2_1,Alaska,1.07283E-09,1.07283E-09
UZB,Livestock,UZB.5_1,Karakalpakstan,7.02668E-07,7.02668E-07,UZB.12_1,Surkhandarya,1.15377E-06,1.15377E-06,UZB.14_1,Tashkent,2.39635E-07,2.39635E-07
VEN,Livestock,VEN.3_1,Apure,1.46023E-06,1.46023E-06,VEN.15_1,Mérida,0.001763995,0.001763995,VEN.10_1,Dependencias Federales,0,0
VGB,Livestock,VGB.4_1,Tortola,1.39021E-05,1.39021E-05,VGB.4_1,Tortola,1.39021E-05,1.39021E-05,VGB.4_1,Tortola,1.39021E-05,1.39021E-05
VNM,Livestock,VNM.14_1,Cao B<U+1EB1>ng,5.94413E-05,5.94413E-05,VNM.14_1,Cao B<U+1EB1>ng,5.94413E-05,5.94413E-05,VNM.7_1,Bà R<U+1ECB>a - Vung Tàu,0,0
VUT,Livestock,VUT.5_1,Tafea,0,0,VUT.4_1,Shefa,0,0,VUT.4_1,Shefa,0,0
YEM,Livestock,YEM.6_1,Al Jawf,1.99225E-07,1.99225E-07,YEM.8_1,Al Mahwit,1.38528E-05,1.38528E-05,YEM.1_1,`Adan,1.40385E-08,1.40385E-08
ZAF,Livestock,ZAF.8_1,Northern Cape,4.34815E-06,4.34815E-06,ZAF.4_1,KwaZulu-Natal,3.36271E-05,3.36271E-05,ZAF.7_1,North West,1.74994E-06,1.74994E-06
ZMB,Livestock,ZMB.7_1,North-Western,6.27022E-06,6.27022E-06,ZMB.7_1,North-Western,6.27022E-06,6.27022E-06,ZMB.2_1,Copperbelt,5.34749E-07,5.34749E-07
ZWE,Livestock,ZWE.9_1,Matabeleland South,9.33135E-07,9.33135E-07,ZWE.3_1,Manicaland,7.39539E-05,7.39539E-05,ZWE.4_1,Mashonaland Central,3.78773E-07,3.78773E-07